INSERT INTO customers (id, name, segment, region) VALUES
(1, 'Acme Corp', 'Enterprise', 'Midwest'),
(2, 'Brightside Health', 'Mid-Market', 'West'),
(3, 'Northstar Logistics', 'Enterprise', 'South'),
(4, 'Lakeside Retail', 'Small Business', 'Midwest'),
(5, 'Summit Foods', 'Mid-Market', 'Northeast'),
(6, 'Evergreen Bank', 'Enterprise', 'Northeast'),
(7, 'Metro Pharmacy', 'Mid-Market', 'South'),
(8, 'Pioneer Insurance', 'Enterprise', 'West'),
(9, 'Harbor Supply Co', 'Small Business', 'Northeast'),
(10, 'Crescent Telecom', 'Enterprise', 'South'),
(11, 'Riverbend Credit Union', 'Mid-Market', 'Midwest'),
(12, 'Atlas Manufacturing', 'Enterprise', 'Midwest'),
(13, 'Bluebird Travel', 'Small Business', 'West'),
(14, 'Keystone Energy', 'Enterprise', 'South'),
(15, 'Oak Street Dental', 'Small Business', 'Northeast'),
(16, 'Redwood Software', 'Mid-Market', 'West'),
(17, 'Prairie Grocers', 'Mid-Market', 'Midwest'),
(18, 'Sterling Auto Group', 'Enterprise', 'South'),
(19, 'Maple Home Goods', 'Small Business', 'Northeast'),
(20, 'Vertex Labs', 'Mid-Market', 'West');

INSERT INTO orders (id, customer_id, order_date, status, total_amount) VALUES
(1001, 1, '2026-04-28', 'open', 1280.50),
(1002, 2, '2026-04-29', 'shipped', 845.00),
(1003, 1, '2026-05-01', 'open', 230.75),
(1004, 3, '2026-05-02', 'cancelled', 1999.99),
(1005, 4, '2026-05-03', 'shipped', 420.00),
(1006, 5, '2026-05-04', 'open', 3150.25),
(1007, 6, '2026-04-15', 'shipped', 4825.00),
(1008, 7, '2026-04-16', 'open', 760.40),
(1009, 8, '2026-04-17', 'shipped', 9210.00),
(1010, 9, '2026-04-18', 'cancelled', 315.20),
(1011, 10, '2026-04-19', 'open', 6725.75),
(1012, 11, '2026-04-20', 'shipped', 1495.00),
(1013, 12, '2026-04-21', 'open', 2840.00),
(1014, 13, '2026-04-22', 'shipped', 615.50),
(1015, 14, '2026-04-23', 'open', 11120.25),
(1016, 15, '2026-04-24', 'cancelled', 189.00),
(1017, 16, '2026-04-25', 'shipped', 2375.80),
(1018, 17, '2026-04-26', 'open', 1340.60),
(1019, 18, '2026-04-27', 'shipped', 7585.90),
(1020, 19, '2026-04-28', 'open', 505.45),
(1021, 20, '2026-04-29', 'shipped', 3280.00),
(1022, 6, '2026-04-30', 'open', 2125.00),
(1023, 8, '2026-05-01', 'open', 4475.25),
(1024, 10, '2026-05-02', 'shipped', 5890.10),
(1025, 12, '2026-05-03', 'cancelled', 980.00),
(1026, 14, '2026-05-04', 'shipped', 12650.75),
(1027, 16, '2026-05-05', 'open', 1885.30),
(1028, 18, '2026-05-06', 'open', 6920.00),
(1029, 20, '2026-05-07', 'cancelled', 2475.60),
(1030, 3, '2026-05-07', 'shipped', 3540.00),
(1031, 7, '2026-05-08', 'open', 925.25),
(1032, 11, '2026-05-08', 'open', 1760.90),
(1033, 15, '2026-05-08', 'shipped', 275.00),
(1034, 17, '2026-05-08', 'cancelled', 640.00),
(1035, 19, '2026-05-08', 'open', 735.80),
(1036, 2, '2026-05-08', 'open', 1195.00);

INSERT INTO order_items (id, order_id, product_name, quantity, unit_price) VALUES
(1, 1001, 'Analytics Dashboard License', 2, 500.00),
(2, 1001, 'Implementation Support', 1, 280.50),
(3, 1002, 'Data Export Package', 1, 845.00),
(4, 1003, 'User Training Seat', 5, 46.15),
(5, 1004, 'Enterprise Integration', 1, 1999.99),
(6, 1005, 'Reporting Add-on', 3, 140.00),
(7, 1006, 'Analytics Dashboard License', 5, 500.00),
(8, 1006, 'Priority Support', 1, 650.25),
(9, 1007, 'Enterprise Integration', 2, 1800.00),
(10, 1007, 'Audit Trail Export', 5, 245.00),
(11, 1008, 'User Training Seat', 8, 55.05),
(12, 1008, 'Reporting Add-on', 2, 160.00),
(13, 1009, 'Enterprise Platform License', 1, 7500.00),
(14, 1009, 'Priority Support', 2, 855.00),
(15, 1010, 'Data Export Package', 1, 315.20),
(16, 1011, 'Enterprise Integration', 3, 1750.00),
(17, 1011, 'Implementation Support', 2, 737.875),
(18, 1012, 'Analytics Dashboard License', 2, 500.00),
(19, 1012, 'User Training Seat', 9, 55.00),
(20, 1013, 'Reporting Add-on', 6, 215.00),
(21, 1013, 'Data Quality Review', 1, 1550.00),
(22, 1014, 'User Training Seat', 7, 47.50),
(23, 1014, 'Data Export Package', 1, 283.00),
(24, 1015, 'Enterprise Platform License', 1, 8500.00),
(25, 1015, 'Priority Support', 3, 873.4166666667),
(26, 1016, 'User Training Seat', 3, 63.00),
(27, 1017, 'Analytics Dashboard License', 4, 500.00),
(28, 1017, 'Audit Trail Export', 1, 375.80),
(29, 1018, 'Reporting Add-on', 4, 180.15),
(30, 1018, 'Implementation Support', 1, 620.00),
(31, 1019, 'Enterprise Integration', 3, 2100.00),
(32, 1019, 'Data Quality Review', 1, 1285.90),
(33, 1020, 'User Training Seat', 5, 49.09),
(34, 1020, 'Reporting Add-on', 2, 130.00),
(35, 1021, 'Analytics Dashboard License', 5, 500.00),
(36, 1021, 'Data Export Package', 1, 780.00),
(37, 1022, 'Priority Support', 2, 650.00),
(38, 1022, 'Audit Trail Export', 1, 825.00),
(39, 1023, 'Enterprise Integration', 2, 1800.00),
(40, 1023, 'Implementation Support', 1, 875.25),
(41, 1024, 'Enterprise Platform License', 1, 4800.00),
(42, 1024, 'Data Export Package', 1, 1090.10),
(43, 1025, 'Data Quality Review', 1, 980.00),
(44, 1026, 'Enterprise Platform License', 1, 9800.00),
(45, 1026, 'Priority Support', 3, 950.25),
(46, 1027, 'Analytics Dashboard License', 3, 500.00),
(47, 1027, 'User Training Seat', 7, 55.043),
(48, 1028, 'Enterprise Integration', 3, 1800.00),
(49, 1028, 'Implementation Support', 2, 760.00),
(50, 1029, 'Priority Support', 2, 760.00),
(51, 1029, 'Data Export Package', 1, 955.60),
(52, 1030, 'Analytics Dashboard License', 6, 500.00),
(53, 1030, 'Audit Trail Export', 1, 540.00),
(54, 1031, 'Reporting Add-on', 3, 185.00),
(55, 1031, 'User Training Seat', 5, 74.05),
(56, 1032, 'Data Export Package', 1, 860.90),
(57, 1032, 'Implementation Support', 1, 900.00),
(58, 1033, 'User Training Seat', 5, 55.00),
(59, 1034, 'Reporting Add-on', 4, 160.00),
(60, 1035, 'Data Export Package', 1, 425.80),
(61, 1035, 'User Training Seat', 4, 77.50),
(62, 1036, 'Analytics Dashboard License', 2, 500.00),
(63, 1036, 'User Training Seat', 5, 39.00),
(64, 1036, 'Data Export Package', 1, 0.00);
